<?xml version="1.0" encoding="UTF-8" standalone="yes"?>
<w:document xmlns:wpc="http://schemas.microsoft.com/office/word/2010/wordprocessingCanvas" xmlns:cx="http://schemas.microsoft.com/office/drawing/2014/chartex" xmlns:mc="http://schemas.openxmlformats.org/markup-compatibility/2006" xmlns:o="urn:schemas-microsoft-com:office:office" xmlns:r="http://schemas.openxmlformats.org/officeDocument/2006/relationships" xmlns:m="http://schemas.openxmlformats.org/officeDocument/2006/math" xmlns:v="urn:schemas-microsoft-com:vml" xmlns:wp14="http://schemas.microsoft.com/office/word/2010/wordprocessingDrawing" xmlns:wp="http://schemas.openxmlformats.org/drawingml/2006/wordprocessingDrawing" xmlns:w10="urn:schemas-microsoft-com:office:word" xmlns:w="http://schemas.openxmlformats.org/wordprocessingml/2006/main" xmlns:w14="http://schemas.microsoft.com/office/word/2010/wordml" xmlns:w15="http://schemas.microsoft.com/office/word/2012/wordml" xmlns:w16se="http://schemas.microsoft.com/office/word/2015/wordml/symex" xmlns:wpg="http://schemas.microsoft.com/office/word/2010/wordprocessingGroup" xmlns:wpi="http://schemas.microsoft.com/office/word/2010/wordprocessingInk" xmlns:wne="http://schemas.microsoft.com/office/word/2006/wordml" xmlns:wps="http://schemas.microsoft.com/office/word/2010/wordprocessingShape" mc:Ignorable="w14 w15 w16se wp14"><w:body><w:p w14:paraId="5E1D050B" w14:textId="0FF09E42" w:rsidR="00FA2CEB" w:rsidRPr="009129E2" w:rsidRDefault="00FA2CEB" w:rsidP="00FA2CEB"><w:pPr><w:spacing w:after="120"/><w:rPr><w:noProof/><w:sz w:val="20"/><w:szCs w:val="20"/><w:lang w:eastAsia="es-PE"/></w:rPr></w:pPr></w:p><w:p w14:paraId="2201F86B" w14:textId="1674D86E" w:rsidR="00EF14F3" w:rsidRDefault="00EF14F3" w:rsidP="00AD1FDD"><w:pPr><w:spacing w:after="120"/><w:rPr><w:sz w:val="18"/><w:szCs w:val="18"/></w:rPr></w:pPr></w:p><w:p w14:paraId="1B9FA125" w14:textId="55F5D039" w:rsidR="00AD1FDD" w:rsidRDefault="00AD1FDD" w:rsidP="00AD1FDD"><w:pPr><w:spacing w:after="120"/><w:rPr><w:sz w:val="18"/><w:szCs w:val="18"/></w:rPr></w:pPr></w:p><w:p w14:paraId="2FA90DDC" w14:textId="77777777" w:rsidR="00AD1FDD" w:rsidRPr="00066F2C" w:rsidRDefault="00AD1FDD" w:rsidP="00AD1FDD"><w:pPr><w:rPr><w:b/><w:lang w:val="es-MX"/></w:rPr></w:pPr><w:r w:rsidRPr="00066F2C"><w:rPr><w:b/><w:lang w:val="es-MX"/></w:rPr><w:t>[</w:t></w:r><w:bookmarkStart w:id="0" w:name="_GoBack"/><w:r w:rsidRPr="00066F2C"><w:rPr><w:b/><w:lang w:val="es-MX"/></w:rPr><w:t>DOCUMENTO</w:t></w:r><w:bookmarkEnd w:id="0"/><w:r w:rsidRPr="00066F2C"><w:rPr><w:b/><w:lang w:val="es-MX"/></w:rPr><w:t xml:space="preserve">] N° [NROSIGLA] </w:t></w:r></w:p><w:p w14:paraId="03858E5D" w14:textId="77777777" w:rsidR="00AD1FDD" w:rsidRPr="00066F2C" w:rsidRDefault="00AD1FDD" w:rsidP="00AD1FDD"><w:pPr><w:spacing w:after="0"/><w:rPr><w:b/><w:lang w:val="es-MX"/></w:rPr></w:pPr><w:r w:rsidRPr="00066F2C"><w:rPr><w:b/><w:lang w:val="es-MX"/></w:rPr><w:t>A:</w:t></w:r><w:r w:rsidRPr="00066F2C"><w:rPr><w:b/><w:lang w:val="es-MX"/></w:rPr><w:tab/></w:r><w:r w:rsidRPr="00066F2C"><w:rPr><w:b/><w:lang w:val="es-MX"/></w:rPr><w:tab/><w:t>[NOMBRE_REMITENTE]</w:t></w:r></w:p><w:p w14:paraId="35B3264E" w14:textId="77777777" w:rsidR="00AD1FDD" w:rsidRDefault="00AD1FDD" w:rsidP="00AD1FDD"><w:pPr><w:rPr><w:lang w:val="es-MX"/></w:rPr></w:pPr><w:r><w:rPr><w:lang w:val="es-MX"/></w:rPr><w:tab/></w:r><w:r><w:rPr><w:lang w:val="es-MX"/></w:rPr><w:tab/><w:t>[CARGO_REMITENTE]</w:t></w:r></w:p><w:p w14:paraId="34D151BB" w14:textId="77777777" w:rsidR="00AD1FDD" w:rsidRPr="00066F2C" w:rsidRDefault="00AD1FDD" w:rsidP="00AD1FDD"><w:pPr><w:spacing w:after="0"/><w:rPr><w:b/><w:lang w:val="es-MX"/></w:rPr></w:pPr><w:r w:rsidRPr="00066F2C"><w:rPr><w:b/><w:lang w:val="es-MX"/></w:rPr><w:t>DE:</w:t></w:r><w:r w:rsidRPr="00066F2C"><w:rPr><w:b/><w:lang w:val="es-MX"/></w:rPr><w:tab/></w:r><w:r w:rsidRPr="00066F2C"><w:rPr><w:b/><w:lang w:val="es-MX"/></w:rPr><w:tab/><w:t>[NOMBRE_DESTINATARIO]</w:t></w:r></w:p><w:p w14:paraId="5D395324" w14:textId="77777777" w:rsidR="00AD1FDD" w:rsidRDefault="00AD1FDD" w:rsidP="00AD1FDD"><w:pPr><w:rPr><w:lang w:val="es-MX"/></w:rPr></w:pPr><w:r><w:rPr><w:lang w:val="es-MX"/></w:rPr><w:tab/></w:r><w:r><w:rPr><w:lang w:val="es-MX"/></w:rPr><w:tab/><w:t>[CARGO_DESTINATARIO]</w:t></w:r></w:p><w:p w14:paraId="7B376E9B" w14:textId="77777777" w:rsidR="00AD1FDD" w:rsidRDefault="00AD1FDD" w:rsidP="00AD1FDD"><w:pPr><w:rPr><w:lang w:val="es-MX"/></w:rPr></w:pPr><w:r w:rsidRPr="00066F2C"><w:rPr><w:b/><w:lang w:val="es-MX"/></w:rPr><w:t>Asunto:</w:t></w:r><w:r w:rsidRPr="00066F2C"><w:rPr><w:b/><w:lang w:val="es-MX"/></w:rPr><w:tab/></w:r><w:r><w:rPr><w:lang w:val="es-MX"/></w:rPr><w:tab/><w:t>[ASUNTO]</w:t></w:r></w:p><w:p w14:paraId="189B2B0B" w14:textId="77777777" w:rsidR="00AD1FDD" w:rsidRPr="00066F2C" w:rsidRDefault="00AD1FDD" w:rsidP="00AD1FDD"><w:pPr><w:pBdr><w:bottom w:val="single" w:sz="12" w:space="1" w:color="auto"/></w:pBdr><w:rPr><w:b/><w:lang w:val="es-MX"/></w:rPr></w:pPr><w:r w:rsidRPr="00066F2C"><w:rPr><w:b/><w:lang w:val="es-MX"/></w:rPr><w:t>Referencia:</w:t></w:r><w:r w:rsidRPr="00066F2C"><w:rPr><w:b/><w:lang w:val="es-MX"/></w:rPr><w:tab/></w:r></w:p><w:p w14:paraId="13CF0CDB" w14:textId="77777777" w:rsidR="00AD1FDD" w:rsidRDefault="00AD1FDD" w:rsidP="00AD1FDD"><w:pPr><w:rPr><w:lang w:val="es-MX"/></w:rPr></w:pPr></w:p><w:p w14:paraId="092CE875" w14:textId="77777777" w:rsidR="00AD1FDD" w:rsidRDefault="00AD1FDD" w:rsidP="00AD1FDD"><w:pPr><w:rPr><w:lang w:val="es-MX"/></w:rPr></w:pPr></w:p><w:p w14:paraId="1ADE7B24" w14:textId="77777777" w:rsidR="00AD1FDD" w:rsidRDefault="00AD1FDD" w:rsidP="00AD1FDD"><w:pPr><w:rPr><w:lang w:val="es-MX"/></w:rPr></w:pPr></w:p><w:p w14:paraId="6426D51D" w14:textId="77777777" w:rsidR="00AD1FDD" w:rsidRDefault="00AD1FDD" w:rsidP="00AD1FDD"><w:pPr><w:rPr><w:lang w:val="es-MX"/></w:rPr></w:pPr><w:r><w:rPr><w:lang w:val="es-MX"/></w:rPr><w:t>Atentamente,</w:t></w:r></w:p><w:p w14:paraId="5241F4FF" w14:textId="77777777" w:rsidR="00AD1FDD" w:rsidRPr="002858F1" w:rsidRDefault="00AD1FDD" w:rsidP="00AD1FDD"><w:pPr><w:spacing w:after="120"/><w:rPr><w:sz w:val="18"/><w:szCs w:val="18"/></w:rPr></w:pPr></w:p><w:sectPr w:rsidR="00AD1FDD" w:rsidRPr="002858F1" w:rsidSect="00096E35"><w:headerReference w:type="default" r:id="rId7"/><w:footerReference w:type="default" r:id="rId8"/><w:pgSz w:w="12240" w:h="15840"/><w:pgMar w:top="1417" w:right="1892" w:bottom="1417" w:left="1843" w:header="708" w:footer="297" w:gutter="0"/><w:cols w:space="708"/><w:docGrid w:linePitch="360"/></w:sectPr></w:body></w:document>