<?xml version="1.0" encoding="UTF-8" standalone="yes"?>
<w:ftr xmlns:wpc="http://schemas.microsoft.com/office/word/2010/wordprocessingCanvas" xmlns:cx="http://schemas.microsoft.com/office/drawing/2014/chartex" xmlns:mc="http://schemas.openxmlformats.org/markup-compatibility/2006" xmlns:o="urn:schemas-microsoft-com:office:office" xmlns:r="http://schemas.openxmlformats.org/officeDocument/2006/relationships" xmlns:m="http://schemas.openxmlformats.org/officeDocument/2006/math" xmlns:v="urn:schemas-microsoft-com:vml" xmlns:wp14="http://schemas.microsoft.com/office/word/2010/wordprocessingDrawing" xmlns:wp="http://schemas.openxmlformats.org/drawingml/2006/wordprocessingDrawing" xmlns:w10="urn:schemas-microsoft-com:office:word" xmlns:w="http://schemas.openxmlformats.org/wordprocessingml/2006/main" xmlns:w14="http://schemas.microsoft.com/office/word/2010/wordml" xmlns:w15="http://schemas.microsoft.com/office/word/2012/wordml" xmlns:w16se="http://schemas.microsoft.com/office/word/2015/wordml/symex" xmlns:wpg="http://schemas.microsoft.com/office/word/2010/wordprocessingGroup" xmlns:wpi="http://schemas.microsoft.com/office/word/2010/wordprocessingInk" xmlns:wne="http://schemas.microsoft.com/office/word/2006/wordml" xmlns:wps="http://schemas.microsoft.com/office/word/2010/wordprocessingShape" mc:Ignorable="w14 w15 w16se wp14"><w:p w14:paraId="53A5EC74" w14:textId="12FB4A63" w:rsidR="009129E2" w:rsidRDefault="00A866A7"><w:pPr><w:pStyle w:val="Piedepgina"/></w:pPr><w:r><w:rPr><w:noProof/><w:lang w:val="en-US"/></w:rPr><mc:AlternateContent><mc:Choice Requires="wps"><w:drawing><wp:anchor distT="45720" distB="45720" distL="114300" distR="114300" simplePos="0" relativeHeight="251663360" behindDoc="0" locked="0" layoutInCell="1" allowOverlap="1" wp14:anchorId="4D6174CE" wp14:editId="1665E121"><wp:simplePos x="0" y="0"/><wp:positionH relativeFrom="column"><wp:posOffset>-1095375</wp:posOffset></wp:positionH><wp:positionV relativeFrom="paragraph"><wp:posOffset>-488315</wp:posOffset></wp:positionV><wp:extent cx="2323465" cy="762635"/><wp:effectExtent l="0" t="0" r="635" b="0"/><wp:wrapSquare wrapText="bothSides"/><wp:docPr id="217" name="Cuadro de texto 2"/><wp:cNvGraphicFramePr><a:graphicFrameLocks xmlns:a="http://schemas.openxmlformats.org/drawingml/2006/main"/></wp:cNvGraphicFramePr><a:graphic xmlns:a="http://schemas.openxmlformats.org/drawingml/2006/main"><a:graphicData uri="http://schemas.microsoft.com/office/word/2010/wordprocessingShape"><wps:wsp><wps:cNvSpPr txBox="1"><a:spLocks noChangeArrowheads="1"/></wps:cNvSpPr><wps:spPr bwMode="auto"><a:xfrm><a:off x="0" y="0"/><a:ext cx="2323465" cy="762635"/></a:xfrm><a:prstGeom prst="rect"><a:avLst/></a:prstGeom><a:solidFill><a:srgbClr val="FFFFFF"/></a:solidFill><a:ln w="9525"><a:noFill/><a:miter lim="800000"/><a:headEnd/><a:tailEnd/></a:ln></wps:spPr><wps:txbx><w:txbxContent><w:p w14:paraId="0D412AF8" w14:textId="77777777" w:rsidR="00A866A7" w:rsidRPr="00B9721A" w:rsidRDefault="00A866A7" w:rsidP="00A866A7"><w:pPr><w:rPr><w:rFonts w:ascii="Arial Nova Cond Light" w:hAnsi="Arial Nova Cond Light"/><w:color w:val="1D1B11" w:themeColor="background2" w:themeShade="1A"/><w:sz w:val="20"/><w:szCs w:val="20"/><w:lang w:val="es-MX"/></w:rPr></w:pPr><w:r w:rsidRPr="00B9721A"><w:rPr><w:rFonts w:ascii="Arial Nova Cond Light" w:hAnsi="Arial Nova Cond Light"/><w:b/><w:bCs/><w:color w:val="1D1B11" w:themeColor="background2" w:themeShade="1A"/><w:sz w:val="18"/><w:szCs w:val="18"/><w:lang w:val="es-MX"/></w:rPr><w:t xml:space="preserve">Dirección | </w:t></w:r><w:r w:rsidRPr="00B9721A"><w:rPr><w:rFonts w:ascii="Arial Nova Cond Light" w:hAnsi="Arial Nova Cond Light"/><w:color w:val="1D1B11" w:themeColor="background2" w:themeShade="1A"/><w:sz w:val="18"/><w:szCs w:val="18"/><w:lang w:val="es-MX"/></w:rPr><w:t>Av. El Derby 254, Oficina 1101</w:t></w:r><w:r w:rsidRPr="00B9721A"><w:rPr><w:rFonts w:ascii="Arial Nova Cond Light" w:hAnsi="Arial Nova Cond Light"/><w:color w:val="1D1B11" w:themeColor="background2" w:themeShade="1A"/><w:sz w:val="20"/><w:szCs w:val="20"/><w:lang w:val="es-MX"/></w:rPr><w:br/></w:r><w:r w:rsidRPr="00B9721A"><w:rPr><w:rFonts w:ascii="Arial Nova Cond Light" w:hAnsi="Arial Nova Cond Light"/><w:color w:val="1D1B11" w:themeColor="background2" w:themeShade="1A"/><w:sz w:val="18"/><w:szCs w:val="18"/><w:lang w:val="es-MX"/></w:rPr><w:t xml:space="preserve">               Urb. Lima Polo Hunt –</w:t></w:r><w:r w:rsidRPr="00B9721A"><w:rPr><w:rFonts w:ascii="Arial Nova Cond Light" w:hAnsi="Arial Nova Cond Light"/><w:color w:val="1D1B11" w:themeColor="background2" w:themeShade="1A"/><w:sz w:val="20"/><w:szCs w:val="20"/><w:lang w:val="es-MX"/></w:rPr><w:t xml:space="preserve"> </w:t></w:r><w:r w:rsidRPr="00B9721A"><w:rPr><w:rFonts w:ascii="Arial Nova Cond Light" w:hAnsi="Arial Nova Cond Light"/><w:color w:val="1D1B11" w:themeColor="background2" w:themeShade="1A"/><w:sz w:val="18"/><w:szCs w:val="18"/><w:lang w:val="es-MX"/></w:rPr><w:t>Santiago de Surco</w:t></w:r></w:p><w:p w14:paraId="181A23C5" w14:textId="77777777" w:rsidR="00A866A7" w:rsidRPr="00B9721A" w:rsidRDefault="00A866A7" w:rsidP="00A866A7"><w:pPr><w:rPr><w:rFonts w:ascii="Arial Nova Cond Light" w:hAnsi="Arial Nova Cond Light"/><w:color w:val="1D1B11" w:themeColor="background2" w:themeShade="1A"/><w:sz w:val="18"/><w:szCs w:val="18"/><w:lang w:val="es-MX"/></w:rPr></w:pPr><w:r w:rsidRPr="00B9721A"><w:rPr><w:rFonts w:ascii="Arial Nova Cond Light" w:hAnsi="Arial Nova Cond Light"/><w:b/><w:bCs/><w:color w:val="1D1B11" w:themeColor="background2" w:themeShade="1A"/><w:sz w:val="18"/><w:szCs w:val="18"/><w:lang w:val="es-MX"/></w:rPr><w:t>Teléfono |</w:t></w:r><w:r w:rsidRPr="00B9721A"><w:rPr><w:rFonts w:ascii="Arial Nova Cond Light" w:hAnsi="Arial Nova Cond Light"/><w:color w:val="1D1B11" w:themeColor="background2" w:themeShade="1A"/><w:sz w:val="18"/><w:szCs w:val="18"/><w:lang w:val="es-MX"/></w:rPr><w:t xml:space="preserve"> (511) 618-1555</w:t></w:r></w:p></w:txbxContent></wps:txbx><wps:bodyPr rot="0" vert="horz" wrap="square" lIns="91440" tIns="45720" rIns="91440" bIns="45720" anchor="t" anchorCtr="0"><a:noAutofit/></wps:bodyPr></wps:wsp></a:graphicData></a:graphic><wp14:sizeRelH relativeFrom="margin"><wp14:pctWidth>0</wp14:pctWidth></wp14:sizeRelH><wp14:sizeRelV relativeFrom="margin"><wp14:pctHeight>0</wp14:pctHeight></wp14:sizeRelV></wp:anchor></w:drawing></mc:Choice><mc:Fallback xmlns:w16sdtdh="http://schemas.microsoft.com/office/word/2020/wordml/sdtdatahash" xmlns:w16du="http://schemas.microsoft.com/office/word/2023/wordml/word16du" xmlns:w16="http://schemas.microsoft.com/office/word/2018/wordml" xmlns:w16cid="http://schemas.microsoft.com/office/word/2016/wordml/cid" xmlns:w16cex="http://schemas.microsoft.com/office/word/2018/wordml/cex" xmlns:oel="http://schemas.microsoft.com/office/2019/extlst" xmlns:am3d="http://schemas.microsoft.com/office/drawing/2017/model3d" xmlns:aink="http://schemas.microsoft.com/office/drawing/2016/ink" xmlns:cx8="http://schemas.microsoft.com/office/drawing/2016/5/14/chartex" xmlns:cx7="http://schemas.microsoft.com/office/drawing/2016/5/13/chartex" xmlns:cx6="http://schemas.microsoft.com/office/drawing/2016/5/12/chartex" xmlns:cx5="http://schemas.microsoft.com/office/drawing/2016/5/11/chartex" xmlns:cx4="http://schemas.microsoft.com/office/drawing/2016/5/10/chartex" xmlns:cx3="http://schemas.microsoft.com/office/drawing/2016/5/9/chartex" xmlns:cx2="http://schemas.microsoft.com/office/drawing/2015/10/21/chartex" xmlns:cx1="http://schemas.microsoft.com/office/drawing/2015/9/8/chartex"><w:pict><v:shapetype w14:anchorId="4D6174CE" id="_x0000_t202" coordsize="21600,21600" o:spt="202" path="m,l,21600r21600,l21600,xe"><v:stroke joinstyle="miter"/><v:path gradientshapeok="t" o:connecttype="rect"/></v:shapetype><v:shape id="Cuadro de texto 2" o:spid="_x0000_s1026" type="#_x0000_t202" style="position:absolute;margin-left:-86.25pt;margin-top:-38.45pt;width:182.95pt;height:60.05pt;z-index:251663360;visibility:visible;mso-wrap-style:square;mso-width-percent:0;mso-height-percent:0;mso-wrap-distance-left:9pt;mso-wrap-distance-top:3.6pt;mso-wrap-distance-right:9pt;mso-wrap-distance-bottom:3.6pt;mso-position-horizontal:absolute;mso-position-horizontal-relative:text;mso-position-vertical:absolute;mso-position-vertical-relative:text;mso-width-percent:0;mso-height-percent:0;mso-width-relative:margin;mso-height-relative:margin;v-text-anchor:top" o:gfxdata="UEsDBBQABgAIAAAAIQC2gziS/gAAAOEBAAATAAAAW0NvbnRlbnRfVHlwZXNdLnhtbJSRQU7DMBBF&#xA;90jcwfIWJU67QAgl6YK0S0CoHGBkTxKLZGx5TGhvj5O2G0SRWNoz/78nu9wcxkFMGNg6quQqL6RA&#xA;0s5Y6ir5vt9lD1JwBDIwOMJKHpHlpr69KfdHjyxSmriSfYz+USnWPY7AufNIadK6MEJMx9ApD/oD&#xA;OlTrorhX2lFEilmcO2RdNtjC5xDF9pCuTyYBB5bi6bQ4syoJ3g9WQ0ymaiLzg5KdCXlKLjvcW893&#xA;SUOqXwnz5DrgnHtJTxOsQfEKIT7DmDSUCaxw7Rqn8787ZsmRM9e2VmPeBN4uqYvTtW7jvijg9N/y&#xA;JsXecLq0q+WD6m8AAAD//wMAUEsDBBQABgAIAAAAIQA4/SH/1gAAAJQBAAALAAAAX3JlbHMvLnJl&#xA;bHOkkMFqwzAMhu+DvYPRfXGawxijTi+j0GvpHsDYimMaW0Yy2fr2M4PBMnrbUb/Q94l/f/hMi1qR&#xA;JVI2sOt6UJgd+ZiDgffL8ekFlFSbvV0oo4EbChzGx4f9GRdb25HMsYhqlCwG5lrLq9biZkxWOiqY&#xA;22YiTra2kYMu1l1tQD30/bPm3wwYN0x18gb45AdQl1tp5j/sFB2T0FQ7R0nTNEV3j6o9feQzro1i&#xA;OWA14Fm+Q8a1a8+Bvu/d/dMb2JY5uiPbhG/ktn4cqGU/er3pcvwCAAD//wMAUEsDBBQABgAIAAAA&#xA;IQAZqg7TDgIAAPYDAAAOAAAAZHJzL2Uyb0RvYy54bWysU9tu2zAMfR+wfxD0vjhxLm2NOEWXLsOA&#xA;7gJ0+wBZlmNhsqhRSuzu60cpbpptb8P0IIgidUgeHq1vh86wo0KvwZZ8NplypqyEWtt9yb993b25&#xA;5swHYWthwKqSPynPbzevX617V6gcWjC1QkYg1he9K3kbgiuyzMtWdcJPwClLzgawE4FM3Gc1ip7Q&#xA;O5Pl0+kq6wFrhyCV93R7f3LyTcJvGiXD56bxKjBTcqotpB3TXsU926xFsUfhWi3HMsQ/VNEJbSnp&#xA;GepeBMEOqP+C6rRE8NCEiYQug6bRUqUeqJvZ9I9uHlvhVOqFyPHuTJP/f7Dy0/HRfUEWhrcw0ABT&#xA;E949gPzumYVtK+xe3SFC3ypRU+JZpCzrnS/Gp5FqX/gIUvUfoaYhi0OABDQ02EVWqE9G6DSApzPp&#xA;aghM0mU+z+eL1ZIzSb6rVb6aL1MKUTy/dujDewUdi4eSIw01oYvjgw+xGlE8h8RkHoyud9qYZOC+&#xA;2hpkR0EC2KU1ov8WZizrS36zzJcJ2UJ8n7TR6UACNbor+fU0rpNkIhvvbJ1CgtDmdKZKjB3piYyc&#xA;uAlDNVBgpKmC+omIQjgJkT4OHVrAn5z1JMKS+x8HgYoz88ES2TezxSKqNhmL5VVOBl56qkuPsJKg&#xA;Sh44Ox23ISk98mDhjobS6MTXSyVjrSSuROP4EaJ6L+0U9fJdN78AAAD//wMAUEsDBBQABgAIAAAA&#xA;IQCbk89e4AAAAAsBAAAPAAAAZHJzL2Rvd25yZXYueG1sTI/BboMwDIbvk/YOkSftMrWhlMKghGqb&#xA;tGnXdn0AAy6gEgeRtNC3X3rabrb86ff357tZ9+JKo+0MK1gtAxDElak7bhQcfz4XryCsQ66xN0wK&#xA;bmRhVzw+5JjVZuI9XQ+uET6EbYYKWueGTEpbtaTRLs1A7G8nM2p0fh0bWY84+XDdyzAIYqmxY/+h&#xA;xYE+WqrOh4tWcPqeXjbpVH65Y7KP4nfsktLclHp+mt+2IBzN7g+Gu75Xh8I7lebCtRW9gsUqCTee&#xA;9VMSpyDuSLqOQJQKonUIssjl/w7FLwAAAP//AwBQSwECLQAUAAYACAAAACEAtoM4kv4AAADhAQAA&#xA;EwAAAAAAAAAAAAAAAAAAAAAAW0NvbnRlbnRfVHlwZXNdLnhtbFBLAQItABQABgAIAAAAIQA4/SH/&#xA;1gAAAJQBAAALAAAAAAAAAAAAAAAAAC8BAABfcmVscy8ucmVsc1BLAQItABQABgAIAAAAIQAZqg7T&#xA;DgIAAPYDAAAOAAAAAAAAAAAAAAAAAC4CAABkcnMvZTJvRG9jLnhtbFBLAQItABQABgAIAAAAIQCb&#xA;k89e4AAAAAsBAAAPAAAAAAAAAAAAAAAAAGgEAABkcnMvZG93bnJldi54bWxQSwUGAAAAAAQABADz&#xA;AAAAdQUAAAAA&#xA;" stroked="f"><v:textbox><w:txbxContent><w:p w14:paraId="0D412AF8" w14:textId="77777777" w:rsidR="00A866A7" w:rsidRPr="00B9721A" w:rsidRDefault="00A866A7" w:rsidP="00A866A7"><w:pPr><w:rPr><w:rFonts w:ascii="Arial Nova Cond Light" w:hAnsi="Arial Nova Cond Light"/><w:color w:val="1D1B11" w:themeColor="background2" w:themeShade="1A"/><w:sz w:val="20"/><w:szCs w:val="20"/><w:lang w:val="es-MX"/></w:rPr></w:pPr><w:r w:rsidRPr="00B9721A"><w:rPr><w:rFonts w:ascii="Arial Nova Cond Light" w:hAnsi="Arial Nova Cond Light"/><w:b/><w:bCs/><w:color w:val="1D1B11" w:themeColor="background2" w:themeShade="1A"/><w:sz w:val="18"/><w:szCs w:val="18"/><w:lang w:val="es-MX"/></w:rPr><w:t xml:space="preserve">Dirección | </w:t></w:r><w:r w:rsidRPr="00B9721A"><w:rPr><w:rFonts w:ascii="Arial Nova Cond Light" w:hAnsi="Arial Nova Cond Light"/><w:color w:val="1D1B11" w:themeColor="background2" w:themeShade="1A"/><w:sz w:val="18"/><w:szCs w:val="18"/><w:lang w:val="es-MX"/></w:rPr><w:t>Av. El Derby 254, Oficina 1101</w:t></w:r><w:r w:rsidRPr="00B9721A"><w:rPr><w:rFonts w:ascii="Arial Nova Cond Light" w:hAnsi="Arial Nova Cond Light"/><w:color w:val="1D1B11" w:themeColor="background2" w:themeShade="1A"/><w:sz w:val="20"/><w:szCs w:val="20"/><w:lang w:val="es-MX"/></w:rPr><w:br/></w:r><w:r w:rsidRPr="00B9721A"><w:rPr><w:rFonts w:ascii="Arial Nova Cond Light" w:hAnsi="Arial Nova Cond Light"/><w:color w:val="1D1B11" w:themeColor="background2" w:themeShade="1A"/><w:sz w:val="18"/><w:szCs w:val="18"/><w:lang w:val="es-MX"/></w:rPr><w:t xml:space="preserve">               Urb. Lima Polo Hunt –</w:t></w:r><w:r w:rsidRPr="00B9721A"><w:rPr><w:rFonts w:ascii="Arial Nova Cond Light" w:hAnsi="Arial Nova Cond Light"/><w:color w:val="1D1B11" w:themeColor="background2" w:themeShade="1A"/><w:sz w:val="20"/><w:szCs w:val="20"/><w:lang w:val="es-MX"/></w:rPr><w:t xml:space="preserve"> </w:t></w:r><w:r w:rsidRPr="00B9721A"><w:rPr><w:rFonts w:ascii="Arial Nova Cond Light" w:hAnsi="Arial Nova Cond Light"/><w:color w:val="1D1B11" w:themeColor="background2" w:themeShade="1A"/><w:sz w:val="18"/><w:szCs w:val="18"/><w:lang w:val="es-MX"/></w:rPr><w:t>Santiago de Surco</w:t></w:r></w:p><w:p w14:paraId="181A23C5" w14:textId="77777777" w:rsidR="00A866A7" w:rsidRPr="00B9721A" w:rsidRDefault="00A866A7" w:rsidP="00A866A7"><w:pPr><w:rPr><w:rFonts w:ascii="Arial Nova Cond Light" w:hAnsi="Arial Nova Cond Light"/><w:color w:val="1D1B11" w:themeColor="background2" w:themeShade="1A"/><w:sz w:val="18"/><w:szCs w:val="18"/><w:lang w:val="es-MX"/></w:rPr></w:pPr><w:r w:rsidRPr="00B9721A"><w:rPr><w:rFonts w:ascii="Arial Nova Cond Light" w:hAnsi="Arial Nova Cond Light"/><w:b/><w:bCs/><w:color w:val="1D1B11" w:themeColor="background2" w:themeShade="1A"/><w:sz w:val="18"/><w:szCs w:val="18"/><w:lang w:val="es-MX"/></w:rPr><w:t>Teléfono |</w:t></w:r><w:r w:rsidRPr="00B9721A"><w:rPr><w:rFonts w:ascii="Arial Nova Cond Light" w:hAnsi="Arial Nova Cond Light"/><w:color w:val="1D1B11" w:themeColor="background2" w:themeShade="1A"/><w:sz w:val="18"/><w:szCs w:val="18"/><w:lang w:val="es-MX"/></w:rPr><w:t xml:space="preserve"> (511) 618-1555</w:t></w:r></w:p></w:txbxContent></v:textbox><w10:wrap type="square"/></v:shape></w:pict></mc:Fallback></mc:AlternateContent></w:r><w:r w:rsidR="009129E2"><w:rPr><w:noProof/><w:lang w:val="en-US"/></w:rPr><w:drawing><wp:anchor distT="0" distB="0" distL="114300" distR="114300" simplePos="0" relativeHeight="251661312" behindDoc="0" locked="0" layoutInCell="1" allowOverlap="1" wp14:anchorId="74770CBD" wp14:editId="5D778552"><wp:simplePos x="0" y="0"/><wp:positionH relativeFrom="page"><wp:align>right</wp:align></wp:positionH><wp:positionV relativeFrom="paragraph"><wp:posOffset>-4050665</wp:posOffset></wp:positionV><wp:extent cx="3785624" cy="4392177"/><wp:effectExtent l="0" t="0" r="5715" b="8890"/><wp:wrapNone/><wp:docPr id="17" name="Picture 17"/><wp:cNvGraphicFramePr><a:graphicFrameLocks xmlns:a="http://schemas.openxmlformats.org/drawingml/2006/main" noChangeAspect="1"/></wp:cNvGraphicFramePr><a:graphic xmlns:a="http://schemas.openxmlformats.org/drawingml/2006/main"><a:graphicData uri="http://schemas.openxmlformats.org/drawingml/2006/picture"><pic:pic xmlns:pic="http://schemas.openxmlformats.org/drawingml/2006/picture"><pic:nvPicPr><pic:cNvPr id="5" name="SUMMA GOLD - HOJA MEMBRETADA-01.png"/><pic:cNvPicPr/></pic:nvPicPr><pic:blipFill><a:blip r:embed="rId1"/><a:stretch><a:fillRect/></a:stretch></pic:blipFill><pic:spPr><a:xfrm><a:off x="0" y="0"/><a:ext cx="3785624" cy="4392177"/></a:xfrm><a:prstGeom prst="rect"><a:avLst/></a:prstGeom></pic:spPr></pic:pic></a:graphicData></a:graphic><wp14:sizeRelH relativeFrom="page"><wp14:pctWidth>0</wp14:pctWidth></wp14:sizeRelH><wp14:sizeRelV relativeFrom="page"><wp14:pctHeight>0</wp14:pctHeight></wp14:sizeRelV></wp:anchor></w:drawing></w:r></w:p></w:ftr>